{
  "n_questions": 25,
  "system": "hybrid_bm25_sochdb_sentence_transformers_BAAI/bge_small_en_v1_5",
  "mode": "retrieval",
  "evidence_hit_rate": 0.56,
  "evidence_recall": 0.47,
  "avg_context_tokens": 275.52,
  "avg_latency_ms": 219.8198541200145,
  "p50_latency_ms": 219.72335600003134,
  "p95_latency_ms": 220.79014700011612,
  "by_category": {
    "multi_hop": {
      "n_questions": 3,
      "evidence_hit_rate": 0.6666666666666666,
      "evidence_recall": 0.5,
      "avg_context_tokens": 308.6666666666667,
      "avg_latency_ms": 219.74111800000173
    },
    "single_hop": {
      "n_questions": 10,
      "evidence_hit_rate": 0.3,
      "evidence_recall": 0.125,
      "avg_context_tokens": 240.0,
      "avg_latency_ms": 219.28739170000426
    },
    "temporal": {
      "n_questions": 12,
      "evidence_hit_rate": 0.75,
      "evidence_recall": 0.75,
      "avg_context_tokens": 296.8333333333333,
      "avg_latency_ms": 220.28325683335956
    }
  }
}