{
  "n_questions": 25,
  "system": "hybrid_bm25_local_nvidia_nvidia/llama_nemotron_embed_1b_v2",
  "mode": "retrieval",
  "evidence_hit_rate": 0.64,
  "evidence_recall": 0.55,
  "avg_context_tokens": 313.4,
  "avg_latency_ms": 26.84069523999824,
  "p50_latency_ms": 25.600508000025002,
  "p95_latency_ms": 31.473132999963127,
  "by_category": {
    "multi_hop": {
      "n_questions": 3,
      "evidence_hit_rate": 0.6666666666666666,
      "evidence_recall": 0.5,
      "avg_context_tokens": 330.6666666666667,
      "avg_latency_ms": 26.798527999972066
    },
    "single_hop": {
      "n_questions": 10,
      "evidence_hit_rate": 0.3,
      "evidence_recall": 0.125,
      "avg_context_tokens": 272.3,
      "avg_latency_ms": 26.770651700007875
    },
    "temporal": {
      "n_questions": 12,
      "evidence_hit_rate": 0.9166666666666666,
      "evidence_recall": 0.9166666666666666,
      "avg_context_tokens": 343.3333333333333,
      "avg_latency_ms": 26.90960666666342
    }
  }
}