{
  "n_questions": 199,
  "system": "hybrid_bm25_local_sentence_transformers_BAAI/bge_small_en_v1_5",
  "mode": "retrieval",
  "evidence_hit_rate": 0.46938775510204084,
  "evidence_recall": 0.4600340136054422,
  "avg_context_tokens": 330.1256281407035,
  "avg_latency_ms": 331.647172311603,
  "p50_latency_ms": 323.0003899989242,
  "p95_latency_ms": 403.73301499857916,
  "by_category": {
    "adversarial": {
      "n_questions": 47,
      "evidence_hit_rate": 0.6595744680851063,
      "evidence_recall": 0.6595744680851063,
      "avg_context_tokens": 348.3191489361702,
      "avg_latency_ms": 369.5777563194458
    },
    "multi_hop": {
      "n_questions": 13,
      "evidence_hit_rate": 0.0,
      "evidence_recall": 0.0,
      "avg_context_tokens": 298.3076923076923,
      "avg_latency_ms": 301.721062615028
    },
    "open_domain": {
      "n_questions": 70,
      "evidence_hit_rate": 0.44285714285714284,
      "evidence_recall": 0.44285714285714284,
      "avg_context_tokens": 325.1,
      "avg_latency_ms": 343.87991069987555
    },
    "single_hop": {
      "n_questions": 32,
      "evidence_hit_rate": 0.16129032258064516,
      "evidence_recall": 0.1021505376344086,
      "avg_context_tokens": 313.15625,
      "avg_latency_ms": 280.3108281563027
    },
    "temporal": {
      "n_questions": 37,
      "evidence_hit_rate": 0.6756756756756757,
      "evidence_recall": 0.6756756756756757,
      "avg_context_tokens": 342.3783783783784,
      "avg_latency_ms": 315.2356399731542
    }
  }
}