{
  "n_questions": 199,
  "system": "hybrid_bm25_local_sentence_transformers_BAAI/bge_small_en_v1_5",
  "mode": "retrieval",
  "evidence_hit_rate": 0.5969387755102041,
  "evidence_recall": 0.5527210884353742,
  "avg_context_tokens": 287.3819095477387,
  "avg_latency_ms": 6.811232050417469,
  "p50_latency_ms": 6.776995003747288,
  "p95_latency_ms": 8.481189994199667,
  "by_category": {
    "adversarial": {
      "n_questions": 47,
      "evidence_hit_rate": 0.723404255319149,
      "evidence_recall": 0.7127659574468085,
      "avg_context_tokens": 290.9574468085106,
      "avg_latency_ms": 6.9816472557462514
    },
    "multi_hop": {
      "n_questions": 13,
      "evidence_hit_rate": 0.36363636363636365,
      "evidence_recall": 0.22727272727272727,
      "avg_context_tokens": 286.6923076923077,
      "avg_latency_ms": 6.713495691656135
    },
    "open_domain": {
      "n_questions": 70,
      "evidence_hit_rate": 0.5571428571428572,
      "evidence_recall": 0.55,
      "avg_context_tokens": 286.62857142857143,
      "avg_latency_ms": 6.949814143029341
    },
    "single_hop": {
      "n_questions": 32,
      "evidence_hit_rate": 0.3870967741935484,
      "evidence_recall": 0.1881720430107527,
      "avg_context_tokens": 262.875,
      "avg_latency_ms": 6.630942218407654
    },
    "temporal": {
      "n_questions": 37,
      "evidence_hit_rate": 0.7567567567567568,
      "evidence_recall": 0.7567567567567568,
      "avg_context_tokens": 305.7027027027027,
      "avg_latency_ms": 6.522842487037131
    }
  }
}