{
  "n_questions": 25,
  "system": "sochdb_sdk",
  "mode": "retrieval",
  "evidence_hit_rate": 0.16,
  "evidence_recall": 0.16,
  "avg_context_tokens": 74.2,
  "avg_latency_ms": 218.78725304003638,
  "p50_latency_ms": 219.31250999978147,
  "p95_latency_ms": 219.86753900000622,
  "by_category": {
    "multi_hop": {
      "n_questions": 3,
      "evidence_hit_rate": 0.0,
      "evidence_recall": 0.0,
      "avg_context_tokens": 89.33333333333333,
      "avg_latency_ms": 218.57739133345908
    },
    "single_hop": {
      "n_questions": 10,
      "evidence_hit_rate": 0.0,
      "evidence_recall": 0.0,
      "avg_context_tokens": 61.9,
      "avg_latency_ms": 219.0425204000121
    },
    "temporal": {
      "n_questions": 12,
      "evidence_hit_rate": 0.3333333333333333,
      "evidence_recall": 0.3333333333333333,
      "avg_context_tokens": 80.66666666666667,
      "avg_latency_ms": 218.62699566670094
    }
  }
}